Finca,Lote,ID,Textura,arcilla ,limo,arena,ce,ph,MO ,N ,P ,Ca ,Mg ,K ,Na,Boro (mg/kg),Fe,Mn,Cu,Zn,Acidez_int,Al,CIC EFECTIVA,C_N,SAT_Ca,SAT_Mg,SAT_K,SAT_Al,Ca_Mg,Mg_K,Ca_Mg_K,Ca_K,CC,PMP,Agua_Dispo,Cond_hid,da
TABANO,9,TAB1,Franco limosa arcillosa,38,48,14,121.5,6.15,2.52,1575.75,45.44,13.35,3.14,1.03,0.06,1.01,124.54,12.3,4.53,4.56,0,0.01,17.59,9.29,75.89539511,17.85105173,5.855599773,0.056850483,4.251592357,3.048543689,16.00970874,12.96116505,38.59627663,23.1658192,15.43045743,4.645690766,1.303842591
TABANO,5,TAB2,Franco arcillosa,32,42,26,87.98,5.44,1.66,1225.34,44.14,10.87,1.84,0.51,0.05,0.53,80.25,25.52,2.74,3.95,0.03,0.03,13.3,7.87,81.72932331,13.83458647,3.834586466,0.22556391,5.907608696,3.607843137,24.92156863,21.31372549,34.65348869,19.82758,14.82590869,4.389492285,1.417606458
TABANO,29,TAB3,Franco arcillosa,31,44,25,81.79,4.96,1.4,998.22,19.63,8.15,1.94,0.89,0.05,0.37,146.91,16.93,4.02,2.29,0.67,0.67,11.7,8.12,69.65811966,16.58119658,7.606837607,5.726495726,4.201030928,2.179775281,11.33707865,9.157303371,34.24346232,19.175272,15.06819032,4.300070294,1.432049254
GAIRA,6,GAI4,Arcillosa,40,38,22,143.7,4.81,3.52,2302,21.92,15.84,7.84,1.18,0.15,0.54,199.75,71.82,7.05,3.43,1.04,1.04,26.05,8.88,60.80614203,30.09596929,4.52975048,3.992322457,2.020408163,6.644067797,20.06779661,13.42372881,38.74012595,24.583888,14.15623795,4.523365376,1.299580033
TABANO,37,TAB5,Franco arcillosa,31,43,26,133.8,4.5,2.36,1651.45,79.74,6.82,1.67,1.03,0.04,0.58,323.3,33.07,4.88,6.87,1.6,1.6,11.16,8.27,61.11111111,14.96415771,9.229390681,14.33691756,4.083832335,1.621359223,8.242718447,6.621359223,34.69187382,19.537792,15.15408182,5.945886064,1.382376009
TABANO,36,TAB6,Franco arcillosa,31,42,27,47.6,4.99,1.86,1351.88,64.32,7.16,1.53,0.87,0.04,0.55,224.99,15.43,4.18,4.9,1.17,1.17,10.77,8,66.48096565,14.20612813,8.077994429,10.86350975,4.679738562,1.75862069,9.988505747,8.229885057,34.22934862,19.3586752,14.87067342,5.046260603,1.41385223
VENECIA,2,VEN7,Franco arcillosa,31,37,32,131.1,4.84,2.33,1732.56,12.9,13.97,5.45,1.18,0.09,0.69,166.43,47.61,6.24,3.91,0.74,0.74,21.43,7.81,65.1889874,25.43163789,5.50629958,3.453103126,2.563302752,4.618644068,16.45762712,11.83898305,33.80559515,19.5863218,14.21927335,5.748263826,1.408137426
VENECIA,4,VEN8,Franco arcillosa,39,36,25,136.3,4.48,1.84,1360,25.58,14.13,6.06,1.13,0.1,0.74,174.48,59.12,7.49,4.15,2.41,2.41,23.83,7.86,59.29500629,25.43013009,4.741921947,10.11330256,2.331683168,5.362831858,17.86725664,12.50442478,37.66287413,23.7151168,13.94775733,2.745423851,1.38009447
GAIRA,11,GAI9,Arcillo limosa,40,43,17,98.2,5.78,2.54,1720,14.79,17.8,7.16,0.9,0.15,0.53,104.46,20.21,6.12,2.79,0.01,0.01,26.02,8.56,68.40891622,27.51729439,3.458877786,0.038431975,2.48603352,7.955555556,27.73333333,19.77777778,38.93758103,24.28099,14.65659103,3.888156351,1.311969367
VENECIA,18,GAI10,Franco arcillosa,36,41,23,113.3,4.53,2.18,1381,20.31,9.26,4.54,0.83,0.11,0.77,195.65,49.35,5.39,3.92,2.01,2.01,16.75,9.15,55.28358209,27.10447761,4.955223881,12,2.039647577,5.469879518,16.62650602,11.15662651,36.8450509,22.14691,14.6981409,4.000334754,1.366602273
GAIRA,1,GAI11,Franco arcillosa,39,40,21,137.4,5.01,3.56,2311,28.41,16.36,7.79,0.89,0.11,0.73,190.08,53.1,6.29,8.56,0.48,0.48,25.63,8.93,63.83144752,30.39406945,3.472493172,1.872805306,2.10012837,8.752808989,27.13483146,18.38202247,38.52268153,24.049912,14.47276953,5.097882241,1.292652987
TABANO,17,TAB12,Franco arcillosa,33,41,26,78.21,5.16,2.83,1982.39,24.24,13.61,4.18,0.96,0.07,1.19,268.21,28.39,8.22,4.74,0.63,0.63,19.45,8.27,69.97429306,21.49100257,4.935732648,3.23907455,3.255980861,4.354166667,18.53125,14.17708333,35.70117473,20.7797878,14.92138693,5.909699867,1.354235704
VENECIA,7,VEN13,Franco limosa arcillosa,37,44,19,87.5,5,1.75,1117,30.83,7.88,3.22,1.71,0.06,0.43,142.65,35.47,3.9,2.52,0.71,0.71,13.58,9.07,58.02650957,23.71134021,12.59204713,5.228276878,2.447204969,1.883040936,6.49122807,4.608187135,37.50853833,22.5277156,14.98082273,3.413808199,1.365585688
TABANO,16,TAB14,Franco arcillosa,32,41,27,111.4,4.49,2.24,1522.75,17.97,8.42,3.36,0.76,0.06,0.62,191.26,59.25,4.84,4.82,1.71,1.71,14.31,8.54,58.83997205,23.48008386,5.310971349,11.94968553,2.505952381,4.421052632,15.5,11.07894737,34.85525834,20.0454112,14.80984714,5.285875381,1.390801541
TABANO,20,TAB15,Franco arcillosa,33,44,23,61.39,5.01,2.33,1556.28,54.34,10.66,3.6,0.67,0.06,0.49,238.05,35.71,5.32,3.29,0.93,0.93,15.92,8.68,66.95979899,22.61306533,4.208542714,5.841708543,2.961111111,5.373134328,21.28358209,15.91044776,35.82425079,20.57371,15.25054079,5.200091595,1.367129932
TABANO,15,TAB16,Franco arcillosa,27,40,33,128.6,6.65,4.96,3168.8,91.68,19.19,2.76,2.54,0.04,1.11,239.09,19.51,5.43,11.86,0,0.01,24.54,9.07,78.19885901,11.24694377,10.35044825,0.040749796,6.952898551,1.086614173,8.641732283,7.55511811,34.2141633,18.6526048,15.5615585,15.43064649,1.259064911
TABANO,35,TAB17,Franco arcillosa,28,41,31,79.4,4.59,2.22,1531.4,52.85,5.61,1.71,1.59,0.04,0.38,299.39,23.79,4.61,5.89,1.76,1.76,10.71,8.42,52.38095238,15.96638655,14.84593838,16.43323996,3.280701754,1.075471698,4.603773585,3.528301887,32.65837105,17.8932964,14.76507465,7.125474712,1.415272466
TABANO,27,TAB18,Franco arcillosa,31,40,29,56.25,4.96,2.03,1364.85,92,7.47,2.74,1.09,0.04,0.7,199.89,34.56,4.39,4.41,1.11,1.11,12.45,8.63,60,22.00803213,8.75502008,8.915662651,2.726277372,2.513761468,9.366972477,6.853211009,34.04284917,19.4395012,14.60334797,5.310660341,1.41223292
GAIRA,8,GAI19,Franco limosa arcillosa,39,41,20,88.4,4.48,2.46,1616,13.34,11.63,5.37,0.59,0.14,0.44,209.09,23.9,5.83,3.11,2.57,2.57,20.3,8.84,57.29064039,26.45320197,2.906403941,12.66009852,2.165735568,9.101694915,28.81355932,19.71186441,38.3190584,23.7847252,14.5343332,3.751951941,1.332410038
TABANO,3,TAB20,Franco arcillosa,34,41,25,205.6,4.24,1.74,1439.48,90.78,8.72,3.07,0.93,0.09,0.37,228.36,65.73,5.11,3.6,2.7,2.7,15.51,7.03,56.22179239,19.7936815,5.996131528,17.40812379,2.840390879,3.301075269,12.67741935,9.376344086,35.63228763,20.9463988,14.68588883,3.91194418,1.402464691
GAIRA,5,GAI21,Franco arcillosa,39,37,24,111.5,5.37,2.69,1679,21.1,17.66,7.94,0.77,0.12,0.81,123.38,44.46,5.47,1.79,0.21,0.21,26.7,9.29,66.1423221,29.73782772,2.883895131,0.786516854,2.22418136,10.31168831,33.24675325,22.93506494,38.01381884,23.908153,14.10566584,3.649255985,1.342617762
TABANO,12,TAB22,Franco arcillosa,34,43,23,82.6,5.57,2.52,1781.23,16.73,12.93,2.51,1.54,0.06,0.56,201.56,17.73,7.09,5.32,0.09,0.09,17.13,8.2,75.48161121,14.65265616,8.99007589,0.525394046,5.151394422,1.62987013,10.02597403,8.396103896,36.27629608,21.1713208,15.10497528,5.158081472,1.355077464
GAIRA,10,GAI23,Franco limosa arcillosa,38,42,20,87.44,4.58,2.4,1517,38.3,10.01,4.19,0.78,0.07,0.5,213.67,32.9,5.62,2.4,1.93,1.93,16.98,9.17,58.95170789,24.67608952,4.593639576,11.36631331,2.38902148,5.371794872,18.20512821,12.83333333,37.95984128,23.236408,14.72343328,3.940276665,1.337577417
TABANO,1,TAB24,Franco arcillosa,34,44,22,85.99,6.36,3.69,2157.59,51.4,16.87,2.61,0.9,0.04,0.71,136.23,22.14,5.83,6.33,0,0.01,20.43,9.93,82.57464513,12.7753304,4.405286344,0.048947626,6.463601533,2.9,21.64444444,18.74444444,36.9652252,21.5154184,15.4498068,7.47448206,1.290786223
GAIRA,3,GAI25,Franco arcillosa,29,35,36,135.9,4.31,3.38,2206,30.39,11.05,5.29,1.27,0.1,0.61,279.06,73.95,7.38,3.94,2.88,2.88,20.59,8.88,53.66682856,25.69208354,6.168042739,13.98737251,2.088846881,4.165354331,12.86614173,8.700787402,33.18794692,19.0114084,14.17653852,8.810841048,1.36950335
TABANO,40,TAB26,Franco limosa arcillosa,34,47,19,66.9,5.62,2.49,1800.7,39.96,12.78,3.48,1.14,0.05,0.46,182.63,22.22,6.02,9.54,0.05,0.05,17.5,8.02,73.02857143,19.88571429,6.514285714,0.285714286,3.672413793,3.052631579,14.26315789,11.21052632,36.76600412,21.109225,15.65677912,5.345544293,1.338950801
VENECIA,1,VEN27,Franco arcillosa,34,40,26,93.17,5.08,1.96,1175,35.34,11.03,3.82,1.12,0.05,0.72,135.22,51.47,4.51,5.22,0.36,0.36,16.38,9.66,67.33821734,23.32112332,6.837606838,2.197802198,2.887434555,3.410714286,13.25892857,9.848214286,35.61331242,21.027544,14.58576842,4.176272698,1.395688005
VENECIA,14,VEN28,Arcillo limosa,43,40,17,70.28,5.24,1.29,962,6.28,11.44,6.44,0.65,0.09,0.35,108.39,37.06,4.42,1.59,0.25,0.25,18.87,7.77,60.62533121,34.12824589,3.444621092,1.324854266,1.776397516,9.907692308,27.50769231,17.6,39.81887257,25.6935868,14.12528577,2.101677521,1.345748343
BUENA VISTA,2,BUEN29,Arcillo limosa,42,42,16,149.4,4.87,3.12,2142,31.72,13.8,6.26,1.14,0.09,0.8,176.43,46.88,7.19,4.88,0.45,0.45,21.74,8.45,63.4774609,28.79484821,5.243790248,2.069917203,2.204472843,5.49122807,17.59649123,12.10526316,39.70777662,25.4113456,14.29643102,4.245514901,1.280468756
BUENA VISTA,4,BUEN30,Franco limosa arcillosa,39,42,19,481.6,4.53,2.61,1882,10.76,11.14,7.29,1.26,0.18,0.68,181.77,36,5.58,2.03,0.79,0.79,20.66,8.04,53.92061955,35.28557599,6.09874153,3.823814134,1.528120713,5.785714286,14.62698413,8.841269841,38.45040902,23.7999784,14.65043062,4.034065329,1.321382141
TABANO,23,TAB31,Franco arcillosa,30,42,28,63.48,4.86,1.94,1336.73,91.31,6.74,2.14,1.13,0.04,0.54,268.38,30.66,4.65,3.91,1.05,1.05,11.1,8.42,60.72072072,19.27927928,10.18018018,9.459459459,3.14953271,1.89380531,7.85840708,5.96460177,33.73189137,18.848548,14.88334337,5.580420393,1.415987856
VENECIA,19,GAI32,Franco arcillosa,33,39,28,107.6,5.07,2.75,1840,84.17,15.66,4.98,2.22,0.1,0.74,216.46,28.94,6.86,6.11,0.76,0.76,23.72,8.65,66.02023609,20.99494098,9.359190556,3.204047218,3.144578313,2.243243243,9.297297297,7.054054054,35.39848574,20.7801298,14.61835594,5.647665477,1.367212407
VENECIA,20,GAI33,Franco arcillosa,32,41,27,94.19,4.75,1.87,1319,163.88,12.04,4.7,1.12,0.08,0.56,173.55,41.92,5.3,4.12,1.31,1.31,19.25,8.22,62.54545455,24.41558442,5.818181818,6.805194805,2.561702128,4.196428571,14.94642857,10.75,34.63427246,19.910857,14.72341546,4.696433565,1.4102925
VENECIA,15,VEN34,Franco limosa arcillosa,39,41,20,95.51,4.78,1.31,946,7.55,9.11,3.95,0.7,0.07,0.4,100.65,38.71,3.45,1.95,1.02,1.02,14.85,8.02,61.34680135,26.5993266,4.713804714,6.868686869,2.306329114,5.642857143,18.65714286,13.01428571,38.01982345,23.5317022,14.48812125,2.519491426,1.379577302
VENECIA,16,VEN35,Franco arcillosa,33,40,27,111.3,4.87,2.25,1604,14.53,12.87,5.98,0.82,0.08,0.57,214.76,39.71,6.49,3.24,1.01,1.01,20.76,8.15,61.99421965,28.80539499,3.949903661,4.865125241,2.152173913,7.292682927,22.98780488,15.69512195,35.24719366,20.5918132,14.65538046,4.9076102,1.388042524
VENECIA,12,VEN36,Franco arcillosa,35,41,24,146.1,4.32,2.45,1639,50.24,8.45,2.73,1.09,0.09,0.56,218.78,117.7,5.29,14.17,2.33,2.33,14.69,8.69,57.52212389,18.5840708,7.420013615,15.86113002,3.095238095,2.504587156,10.25688073,7.752293578,36.47850721,21.699973,14.77853421,4.631576106,1.360861755
TABANO,34,TAB37,Franco arcillosa,34,45,21,74.2,5.76,3.26,2061.34,31.17,14.15,3.08,0.87,0.06,0.7,226.69,15.08,6.96,5.03,0.02,0.02,18.18,9.18,77.83278328,16.94169417,4.785478548,0.110011001,4.594155844,3.540229885,19.8045977,16.26436782,36.87719269,21.366466,15.51072669,6.684854285,1.307965621
TABANO,7,TAB38,Franco arcillosa,34,42,24,105.6,4.74,2.34,1801.78,37.14,10.49,3.32,0.95,0.06,0.69,225.4,32.93,5.95,3.88,1.2,1.2,16.02,7.55,65.48064919,20.72409488,5.930087391,7.490636704,3.159638554,3.494736842,14.53684211,11.04210526,36.0614811,21.127636,14.9338451,4.813607798,1.368496219
TABANO,19,TAB39,Franco arcillosa,30,39,31,71.25,4.7,1.64,1205.87,38.32,7.13,2.03,0.82,0.06,0.69,189.84,23.07,3.87,2.89,1.88,1.88,11.92,7.89,59.81543624,17.03020134,6.879194631,15.77181208,3.512315271,2.475609756,11.17073171,8.695121951,33.06103086,18.74458,14.31645086,5.098253528,1.443469709
TABANO,2,TAB40,Franco arcillosa,35,42,23,55.55,4.91,1.89,1405.95,14.66,9.15,4.07,0.7,0.06,0.45,173.8,30.78,4.93,2.38,1.47,1.47,15.45,7.82,59.22330097,26.34304207,4.530744337,9.514563107,2.248157248,5.814285714,18.88571429,13.07142857,36.34705173,21.520252,14.82679973,3.897954359,1.383471769
TABANO,33,TAB41,Franca,26,40,34,94.39,4.9,3.23,1988.88,58.95,10.8,3.48,0.65,0.06,0.59,261.77,35.4,5.64,7.36,0.5,0.5,15.49,9.43,69.72240155,22.46610717,4.196255649,3.227888961,3.103448276,5.353846154,21.96923077,16.61538462,32.21605492,17.3144272,14.90162772,11.04951682,1.366751417
GAIRA,4,GAI42,Arcillo limosa,41,41,18,100.4,5.09,2.93,1961,11.49,17.29,6.94,0.81,0.12,0.55,180.98,33.98,6.52,2.56,0.44,0.44,25.6,8.66,67.5390625,27.109375,3.1640625,1.71875,2.491354467,8.567901235,29.91358025,21.34567901,39.23996137,24.900409,14.33955237,4.008467969,1.299638271
VENECIA,17,VEN43,Arcillo limosa,41,41,18,107.1,5.03,2.08,1487,27.48,12.76,3.61,1.3,0.07,0.56,147.23,39.3,5.59,5.64,0.46,0.46,18.2,8.12,70.10989011,19.83516484,7.142857143,2.527472527,3.534626039,2.776923077,12.59230769,9.815384615,39.10478698,24.748276,14.35651098,3.047361641,1.331558735
VENECIA,9,VEN44,Franco arcillosa,39,39,22,238.1,4.46,2.58,1838,67.55,15.58,4.23,1.63,0.1,0.53,219.03,56.73,7.57,10.31,1.53,1.53,23.07,8.14,67.53359341,18.33550065,7.065452969,6.631989597,3.68321513,2.595092025,12.15337423,9.558282209,38.16555986,23.8462852,14.31927466,3.712425663,1.337194907
VENECIA,5,VEN45,Franco arcillosa,33,38,29,94.69,4.8,2.16,1470,21.6,12.35,4.93,1.37,0.06,0.42,162.59,45.01,6.36,3.47,1.26,1.26,19.97,8.5,61.84276415,24.68703055,6.860290436,6.309464196,2.505070994,3.598540146,12.61313869,9.01459854,34.92909408,20.5814848,14.34760928,4.7023896,1.400801143
GAIRA,7,GAI46,Arcillo limosa,40,40,20,252.2,4.26,2.15,1405,12.91,10.71,5.38,1,0.14,0.6,169.35,64.88,6.39,3.22,1.99,1.99,19.22,8.88,55.72320499,27.99167534,5.202913632,10.35379813,1.99070632,5.38,16.09,10.71,38.59345945,24.25534,14.33811945,3.163551768,1.341821897
TABANO,41,TAB47,Franco arcillosa,31,45,24,49.82,5.41,1.88,1412.44,31.75,10.02,2.38,0.84,0.05,0.49,195.54,12.34,5.01,3.74,0.25,0.25,13.54,7.74,74.00295421,17.57754801,6.203840473,1.846381093,4.210084034,2.833333333,14.76190476,11.92857143,34.68899435,19.3440832,15.34491115,5.096833997,1.401409202
TABANO,6,TAB48,Franco arcillosa,34,42,24,78.55,4.98,2.18,1522.75,14.4,9.92,3.91,0.71,0.08,0.48,199.43,32.53,4.71,3.71,0.6,0.6,15.22,8.32,65.17739816,25.68988173,4.664914586,3.94218134,2.537084399,5.507042254,19.47887324,13.97183099,35.98207629,21.0769288,14.90514749,4.569197651,1.37649659
TABANO,8,TAB49,Franco arcillosa,32,41,27,190.5,4.75,2.25,1570.34,19.32,10.39,2.73,0.75,0.07,0.5,168.7,40.05,5.65,4.88,0.63,0.63,14.57,8.32,71.31091283,18.73713109,5.147563487,4.323953329,3.805860806,3.64,17.49333333,13.85333333,34.86123865,20.0490478,14.81219085,5.302438638,1.390274554
TABANO,22,TAB50,Franca,26,38,36,66.55,4.57,1.6,1182.08,31.13,3.11,1.37,1.06,0.03,0.32,195.3,27.03,3.36,4.91,2.78,2.78,8.35,7.84,37.24550898,16.40718563,12.69461078,33.29341317,2.270072993,1.29245283,4.226415094,2.933962264,30.44503289,16.5155152,13.92951769,7.213637655,1.472993589
TABANO,4,TAB51,Franco arcillosa,29,42,29,137.2,6.06,1.97,1400.54,70.34,11.37,1.56,1.03,0.04,0.21,121.74,13.09,3.29,2.85,0,0.01,14.01,8.16,81.15631692,11.13490364,7.351891506,0.071377587,7.288461538,1.514563107,12.55339806,11.03883495,33.19556677,18.3191776,14.87638917,6.084535811,1.420524753
TABANO,18,TAB52,Franco arcillosa,34,41,25,72.85,5.39,2.3,1792.05,28.69,12.4,3.74,1.1,0.08,0.84,189.26,27.39,5.98,3.37,0.29,0.29,17.61,7.46,70.41453719,21.23793299,6.24645088,1.646791596,3.315508021,3.4,14.67272727,11.27272727,35.91453978,21.127066,14.78747378,4.702584308,1.374785514
VENECIA,3,VEN53,Arcillo limosa,40,40,20,103.2,5.16,2.11,1382,15.48,16.16,6.23,0.82,0.12,0.66,133.67,32.86,5.81,3.37,0.14,0.14,23.47,8.86,68.85385599,26.54452493,3.4938219,0.596506178,2.593900482,7.597560976,27.30487805,19.70731707,38.58469541,24.247132,14.33756341,3.12189517,1.343372105
